feature,missing_count,missing_fraction,missing_percent
COMMONAREA_MODE,171811,0.69839598712237,69.839598712237
COMMONAREA_AVG,171811,0.69839598712237,69.839598712237
COMMONAREA_MEDI,171811,0.69839598712237,69.839598712237
NONLIVINGAPARTMENTS_MEDI,170729,0.693997756170531,69.39977561705311
NONLIVINGAPARTMENTS_MODE,170729,0.693997756170531,69.39977561705311
NONLIVINGAPARTMENTS_AVG,170729,0.693997756170531,69.39977561705311
FONDKAPREMONT_MODE,168215,0.6837785763064615,68.37785763064616
LIVINGAPARTMENTS_MEDI,168119,0.6833883450944684,68.33883450944684
LIVINGAPARTMENTS_AVG,168119,0.6833883450944684,68.33883450944684
LIVINGAPARTMENTS_MODE,168119,0.6833883450944684,68.33883450944684
FLOORSMIN_MEDI,166921,0.6785185847614712,67.85185847614711
FLOORSMIN_AVG,166921,0.6785185847614712,67.85185847614711
FLOORSMIN_MODE,166921,0.6785185847614712,67.85185847614711
YEARS_BUILD_AVG,163543,0.6647873239894637,66.47873239894638
YEARS_BUILD_MODE,163543,0.6647873239894637,66.47873239894638
YEARS_BUILD_MEDI,163543,0.6647873239894637,66.47873239894638
OWN_CAR_AGE,162418,0.6602143019739195,66.02143019739195
LANDAREA_AVG,145985,0.593415661279308,59.341566127930804
LANDAREA_MODE,145985,0.593415661279308,59.341566127930804
LANDAREA_MEDI,145985,0.593415661279308,59.341566127930804
BASEMENTAREA_MODE,143829,0.5846517186432961,58.46517186432961
BASEMENTAREA_MEDI,143829,0.5846517186432961,58.46517186432961
BASEMENTAREA_AVG,143829,0.5846517186432961,58.46517186432961
EXT_SOURCE_1,138595,0.5633759877727553,56.33759877727553
NONLIVINGAREA_AVG,135624,0.5512991447432604,55.129914474326036
NONLIVINGAREA_MODE,135624,0.5512991447432604,55.129914474326036
NONLIVINGAREA_MEDI,135624,0.5512991447432604,55.129914474326036
ELEVATORS_MODE,131017,0.5325721114760495,53.257211147604956
ELEVATORS_MEDI,131017,0.5325721114760495,53.257211147604956
ELEVATORS_AVG,131017,0.5325721114760495,53.257211147604956
WALLSMATERIAL_MODE,124975,0.5080119345712335,50.80119345712335
APARTMENTS_MODE,124732,0.507024161815876,50.702416181587594
APARTMENTS_AVG,124732,0.507024161815876,50.702416181587594
APARTMENTS_MEDI,124732,0.507024161815876,50.702416181587594
ENTRANCES_AVG,123775,0.5031340444213196,50.31340444213196
ENTRANCES_MODE,123775,0.5031340444213196,50.31340444213196
ENTRANCES_MEDI,123775,0.5031340444213196,50.31340444213196
LIVINGAREA_MEDI,123462,0.5018617280738837,50.186172807388374
LIVINGAREA_MODE,123462,0.5018617280738837,50.186172807388374
LIVINGAREA_AVG,123462,0.5018617280738837,50.186172807388374
HOUSETYPE_MODE,123328,0.5013170303404767,50.13170303404767
FLOORSMAX_MODE,122297,0.4971261097200091,49.71261097200091
FLOORSMAX_MEDI,122297,0.4971261097200091,49.71261097200091
FLOORSMAX_AVG,122297,0.4971261097200091,49.71261097200091
YEARS_BEGINEXPLUATATION_MEDI,119949,0.48758170466001105,48.758170466001104
YEARS_BEGINEXPLUATATION_MODE,119949,0.48758170466001105,48.758170466001104
YEARS_BEGINEXPLUATATION_AVG,119949,0.48758170466001105,48.758170466001104
TOTALAREA_MODE,118707,0.48253308835485026,48.25330883548503
EMERGENCYSTATE_MODE,116581,0.47389109297258625,47.38910929725863
OCCUPATION_TYPE,76940,0.3127540567786413,31.275405677864132
EXT_SOURCE_3,48805,0.19838785730545347,19.838785730545347
DAYS_EMPLOYED,44143,0.1794372540730383,17.94372540730383
AMT_REQ_CREDIT_BUREAU_MON,33244,0.13513381678644598,13.513381678644599
AMT_REQ_CREDIT_BUREAU_WEEK,33244,0.13513381678644598,13.513381678644599
AMT_REQ_CREDIT_BUREAU_DAY,33244,0.13513381678644598,13.513381678644599
AMT_REQ_CREDIT_BUREAU_QRT,33244,0.13513381678644598,13.513381678644599
AMT_REQ_CREDIT_BUREAU_HOUR,33244,0.13513381678644598,13.513381678644599
AMT_REQ_CREDIT_BUREAU_YEAR,33244,0.13513381678644598,13.513381678644599
NAME_TYPE_SUITE,1029,0.004182790803551104,0.41827908035511036
DEF_60_CNT_SOCIAL_CIRCLE,811,0.003296640759650093,0.3296640759650093
OBS_60_CNT_SOCIAL_CIRCLE,811,0.003296640759650093,0.3296640759650093
DEF_30_CNT_SOCIAL_CIRCLE,811,0.003296640759650093,0.3296640759650093
OBS_30_CNT_SOCIAL_CIRCLE,811,0.003296640759650093,0.3296640759650093
EXT_SOURCE_2,531,0.002158466391336867,0.21584663913368668
AMT_GOODS_PRICE,221,0.0008983447692757959,0.08983447692757959
AMT_ANNUITY,10,4.06490845826152e-05,0.00406490845826152
CNT_FAM_MEMBERS,2,8.129816916523039e-06,0.000812981691652304
DAYS_LAST_PHONE_CHANGE,1,4.0649084582615195e-06,0.000406490845826152
FLAG_DOCUMENT_21,0,0.0,0.0
FLAG_DOCUMENT_5,0,0.0,0.0
FLAG_DOCUMENT_20,0,0.0,0.0
FLAG_DOCUMENT_19,0,0.0,0.0
FLAG_DOCUMENT_3,0,0.0,0.0
FLAG_DOCUMENT_2,0,0.0,0.0
FLAG_DOCUMENT_6,0,0.0,0.0
FLAG_DOCUMENT_7,0,0.0,0.0
FLAG_DOCUMENT_8,0,0.0,0.0
FLAG_DOCUMENT_9,0,0.0,0.0
FLAG_DOCUMENT_10,0,0.0,0.0
FLAG_DOCUMENT_11,0,0.0,0.0
FLAG_DOCUMENT_12,0,0.0,0.0
FLAG_DOCUMENT_13,0,0.0,0.0
FLAG_DOCUMENT_14,0,0.0,0.0
FLAG_DOCUMENT_4,0,0.0,0.0
FLAG_DOCUMENT_16,0,0.0,0.0
FLAG_DOCUMENT_17,0,0.0,0.0
FLAG_DOCUMENT_18,0,0.0,0.0
FLAG_DOCUMENT_15,0,0.0,0.0
NAME_CONTRACT_TYPE,0,0.0,0.0
CODE_GENDER,0,0.0,0.0
ORGANIZATION_TYPE,0,0.0,0.0
FLAG_OWN_CAR,0,0.0,0.0
FLAG_OWN_REALTY,0,0.0,0.0
CNT_CHILDREN,0,0.0,0.0
AMT_INCOME_TOTAL,0,0.0,0.0
AMT_CREDIT,0,0.0,0.0
NAME_INCOME_TYPE,0,0.0,0.0
NAME_EDUCATION_TYPE,0,0.0,0.0
NAME_FAMILY_STATUS,0,0.0,0.0
NAME_HOUSING_TYPE,0,0.0,0.0
REGION_POPULATION_RELATIVE,0,0.0,0.0
DAYS_BIRTH,0,0.0,0.0
DAYS_REGISTRATION,0,0.0,0.0
DAYS_ID_PUBLISH,0,0.0,0.0
FLAG_MOBIL,0,0.0,0.0
FLAG_EMP_PHONE,0,0.0,0.0
FLAG_WORK_PHONE,0,0.0,0.0
FLAG_CONT_MOBILE,0,0.0,0.0
FLAG_PHONE,0,0.0,0.0
FLAG_EMAIL,0,0.0,0.0
REGION_RATING_CLIENT,0,0.0,0.0
REGION_RATING_CLIENT_W_CITY,0,0.0,0.0
WEEKDAY_APPR_PROCESS_START,0,0.0,0.0
HOUR_APPR_PROCESS_START,0,0.0,0.0
REG_REGION_NOT_LIVE_REGION,0,0.0,0.0
REG_REGION_NOT_WORK_REGION,0,0.0,0.0
LIVE_REGION_NOT_WORK_REGION,0,0.0,0.0
REG_CITY_NOT_LIVE_CITY,0,0.0,0.0
REG_CITY_NOT_WORK_CITY,0,0.0,0.0
LIVE_CITY_NOT_WORK_CITY,0,0.0,0.0
DAYS_EMPLOYED_ANOM,0,0.0,0.0
