feature,number_of_processed_columns,mean_absolute_grouped_shap
EXT_SOURCE_2,1,0.31453752517700195
EXT_SOURCE_3,1,0.2685551047325134
EXT_SOURCE_1,1,0.16076143085956573
ANNUITY_CREDIT_RATIO,1,0.12215816974639893
CODE_GENDER,3,0.12056858092546463
BUREAU_DEBT_CREDIT_RATIO_MAX,1,0.11160057783126831
AMT_ANNUITY,1,0.10443577915430069
CREDIT_GOODS_RATIO,1,0.09726614505052567
DAYS_EMPLOYED,1,0.09603934735059738
PREV_PAYMENT_COUNT_MAX,1,0.09463220089673996
INST_AMOUNT_PAID_SUM,1,0.09069259464740753
INST_LATE_RATE,1,0.09056808799505234
DAYS_BIRTH,1,0.08021986484527588
NAME_EDUCATION_TYPE,5,0.07315671443939209
PREV_ANNUITY_MEAN,1,0.07158025354146957
PREV_CREDIT_APPLICATION_RATIO_MEAN,1,0.06719766557216644
AMT_GOODS_PRICE,1,0.06637289375066757
OWN_CAR_AGE,1,0.06406566500663757
NAME_FAMILY_STATUS,6,0.05796269327402115
PREV_DAYS_DECISION_MEAN,1,0.05024387687444687
DAYS_ID_PUBLISH,1,0.04716653376817703
ORGANIZATION_TYPE,58,0.04693768173456192
ANNUITY_INCOME_RATIO,1,0.043760620057582855
PREV_REFUSED_RATE,1,0.043099984526634216
INST_TOTAL_PAYMENT_RATIO,1,0.04222489893436432
BUREAU_DAYS_CREDIT_MAX,1,0.04130496084690094
DOCUMENT_FLAG_COUNT,1,0.040801677852869034
BUREAU_DEBT_CREDIT_RATIO_MEAN,1,0.040648624300956726
PREV_CONSUMER_RATE,1,0.0400000624358654
BUREAU_DAYS_CREDIT_MEAN,1,0.038254205137491226
PREV_DOWN_PAYMENT_MEAN,1,0.03787891939282417
FLAG_WORK_PHONE,1,0.03651408478617668
REGION_RATING_CLIENT_W_CITY,1,0.03618767112493515
BUREAU_CREDIT_SUM_MAX,1,0.03313121199607849
BUREAU_CREDIT_SUM_SUM,1,0.030892718583345413
INST_DAYS_LATE_MEAN,1,0.030681023374199867
REGION_POPULATION_RELATIVE,1,0.02992599457502365
PREV_PAYMENT_COUNT_MEAN,1,0.029556086286902428
INST_DAYS_LATE_MAX,1,0.027674300596117973
PREV_ANNUITY_CREDIT_RATIO_MEAN,1,0.02752324938774109
OCCUPATION_TYPE,19,0.027288340032100677
DAYS_LAST_PHONE_CHANGE,1,0.027143800631165504
INST_SHORTFALL_MAX,1,0.02646895870566368
BUREAU_DEBT_MAX,1,0.025173019617795944
AMT_REQ_CREDIT_BUREAU_QRT,1,0.025158604606986046
AMT_CREDIT,1,0.024651646614074707
FLAG_OWN_CAR,2,0.023989183828234673
BB_CURRENT_RATE_MEAN,1,0.023579880595207214
BUREAU_TOTAL_DEBT_CREDIT_RATIO,1,0.023489518091082573
BUREAU_DAYS_UPDATE_MEAN,1,0.02280460111796856
FLAG_DOCUMENT_3,1,0.022329056635499
NAME_INCOME_TYPE,8,0.022276056930422783
BB_RECORD_COUNT_SUM,1,0.022022029384970665
REG_CITY_NOT_LIVE_CITY,1,0.021976541727781296
BUREAU_CREDIT_SUM_MEAN,1,0.021049313247203827
PREV_CREDIT_AMOUNT_MAX,1,0.020927980542182922
DEF_30_CNT_SOCIAL_CIRCLE,1,0.020825715735554695
DAYS_REGISTRATION,1,0.020621292293071747
PREV_CASH_RATE,1,0.01947874017059803
PREV_APPROVED_COUNT,1,0.01803397573530674
PREV_DAYS_DECISION_MAX,1,0.01754147931933403
WEEKDAY_APPR_PROCESS_START,7,0.016725851222872734
BUREAU_CREDIT_DURATION_MEAN,1,0.016149090602993965
BUREAU_CLOSED_RATE,1,0.01602008379995823
CREDIT_INCOME_RATIO,1,0.015469848178327084
DEF_60_CNT_SOCIAL_CIRCLE,1,0.015454793348908424
PREV_CREDIT_AMOUNT_MEAN,1,0.015335512347519398
AMT_REQ_CREDIT_BUREAU_YEAR,1,0.0152819212526083
BUREAU_DEBT_MEAN,1,0.01495539303869009
AMT_INCOME_TOTAL,1,0.014146885834634304
INST_AMOUNT_DUE_SUM,1,0.013700502924621105
PREV_APPLICATION_AMOUNT_MAX,1,0.013445297256112099
PREV_APPLICATION_AMOUNT_MEAN,1,0.013403661549091339
BUREAU_ACTIVE_COUNT,1,0.012947579845786095
INST_DAYS_LATE_SUM,1,0.012903655879199505
BUREAU_DEBT_SUM,1,0.012193799018859863
INST_VERSION_MAX,1,0.01165503729134798
HOUR_APPR_PROCESS_START,1,0.01095234788954258
CNT_CHILDREN,1,0.010507277213037014
BUREAU_ANNUITY_MEAN,1,0.010356731712818146
INCOME_PER_FAMILY_MEMBER,1,0.00982238631695509
INST_UNDERPAID_RATE,1,0.009796909987926483
INST_PAYMENT_RATIO_MEAN,1,0.009074482135474682
INST_PAYMENT_RATIO_SUM,1,0.008982331492006779
BUREAU_ACTIVE_RATE,1,0.00866793468594551
OBS_60_CNT_SOCIAL_CIRCLE,1,0.008452566340565681
PREV_APPROVED_RATE,1,0.008332818746566772
BUREAU_CLOSED_COUNT,1,0.00818313006311655
BB_DELINQUENT_RATE_MEAN,1,0.008105880580842495
FLAG_PHONE,1,0.007993891835212708
INST_RECORD_COUNT,1,0.007592510432004929
INST_UNDERPAID_COUNT,1,0.007458870764821768
PREV_GOODS_PRICE_MEAN,1,0.007387845311313868
FLAG_DOCUMENT_8,1,0.007223473396152258
INST_PAYMENT_OBS_COUNT,1,0.006621496751904488
INST_SHORTFALL_SUM,1,0.006546212360262871
BUREAU_CREDIT_TYPES_NUNIQUE,1,0.006542311515659094
PREV_INSURED_RATE,1,0.006403705570846796
CONTACT_FLAG_COUNT,1,0.0061755371280014515
INST_SHORTFALL_MEAN,1,0.005972103215754032
INST_LATE_COUNT,1,0.005779271945357323
BUREAU_RECORD_COUNT,1,0.005753388162702322
BB_CLOSED_RATE_MEAN,1,0.005654261913150549
NAME_CONTRACT_TYPE,2,0.0048384699039161205
INST_PREVIOUS_LOAN_NUNIQUE,1,0.004666760563850403
OBS_30_CNT_SOCIAL_CIRCLE,1,0.0040955329313874245
PREV_APPLICATION_COUNT,1,0.00359910330735147
CNT_FAM_MEMBERS,1,0.0032523111440241337
BB_DELINQUENT_RATE_MAX,1,0.0030265082605183125
INST_PAYMENT_RATIO_COUNT,1,0.003025917336344719
NAME_TYPE_SUITE,8,0.0029975504148751497
FLAG_DOCUMENT_6,1,0.002962315222248435
BUREAU_PROLONG_COUNT_SUM,1,0.002899579703807831
PREV_CANCELED_COUNT,1,0.002705847378820181
BUREAU_OVERDUE_AMOUNT_SUM,1,0.0026127928867936134
BB_SEVERE_RATE_MEAN,1,0.0022366344928741455
AMT_REQ_CREDIT_BUREAU_MON,1,0.0021252864971756935
PREV_REFUSED_COUNT,1,0.0020318154711276293
REGION_RATING_CLIENT,1,0.0017778768669813871
BB_DELINQUENT_COUNT_SUM,1,0.0017537865787744522
FLAG_DOCUMENT_11,1,0.0015797670930624008
AMT_REQ_CREDIT_BUREAU_DAY,1,0.0015220643253996968
ADDRESS_MISMATCH_COUNT,1,0.0014058242086321115
REG_REGION_NOT_LIVE_REGION,1,0.0012450299691408873
REG_REGION_NOT_WORK_REGION,1,0.0011684526689350605
DAYS_EMPLOYED_ANOM,1,0.0011096983216702938
BUREAU_OVERDUE_AMOUNT_MAX,1,0.0008654913981445134
LIVE_CITY_NOT_WORK_CITY,1,0.0008416480268351734
FLAG_OWN_REALTY,2,0.0007939123897813261
BB_SEVERE_COUNT_SUM,1,0.0007756343111395836
FLAG_DOCUMENT_18,1,0.0006558920722454786
BUREAU_OVERDUE_RATE,1,0.0005018598167225718
FLAG_EMAIL,1,0.0005003060214221478
AMT_REQ_CREDIT_BUREAU_WEEK,1,0.00040818890556693077
REG_CITY_NOT_WORK_CITY,1,0.00032058361102826893
FLAG_DOCUMENT_13,1,0.00024732432211749256
FLAG_CONT_MOBILE,1,0.00023198667622637004
FLAG_DOCUMENT_16,1,0.00013907140237279236
LIVE_REGION_NOT_WORK_REGION,1,0.00013840907195117325
FLAG_DOCUMENT_9,1,0.0
BUREAU_HAS_HISTORY,1,0.0
FLAG_DOCUMENT_10,1,0.0
BUREAU_BAD_DEBT_COUNT,1,0.0
FLAG_DOCUMENT_7,1,0.0
FLAG_DOCUMENT_5,1,0.0
FLAG_DOCUMENT_12,1,0.0
FLAG_DOCUMENT_2,1,0.0
FLAG_DOCUMENT_4,1,0.0
FLAG_DOCUMENT_15,1,0.0
INST_HAS_HISTORY,1,0.0
FLAG_MOBIL,1,0.0
FLAG_DOCUMENT_14,1,0.0
PREV_HAS_HISTORY,1,0.0
FLAG_DOCUMENT_17,1,0.0
FLAG_EMP_PHONE,1,0.0
FLAG_DOCUMENT_19,1,0.0
FLAG_DOCUMENT_20,1,0.0
FLAG_DOCUMENT_21,1,0.0
BUREAU_OVERDUE_COUNT,1,0.0
AMT_REQ_CREDIT_BUREAU_HOUR,1,0.0
