feature,importance,mean_absolute_shap,gain_rank,shap_rank
EXT_SOURCE_2,0.050274376,0.31453764,1.0,1.0
EXT_SOURCE_3,0.050159752,0.26855543,2.0,2.0
EXT_SOURCE_1,0.0159198,0.16076154,9.0,3.0
ANNUITY_CREDIT_RATIO,0.007616964,0.12215828,22.0,4.0
BUREAU_DEBT_CREDIT_RATIO_MAX,0.017622458,0.11160061,5.0,5.0
AMT_ANNUITY,0.006457534,0.10443572,28.0,6.0
CREDIT_GOODS_RATIO,0.016619394,0.0972662,7.0,7.0
DAYS_EMPLOYED,0.013325757,0.09603938,11.0,8.0
PREV_PAYMENT_COUNT_MAX,0.008835065,0.09463217,20.0,9.0
INST_AMOUNT_PAID_SUM,0.012409667,0.09069253,14.0,10.0
INST_LATE_RATE,0.013313088,0.090568066,12.0,11.0
DAYS_BIRTH,0.0061104177,0.080219835,31.0,12.0
PREV_ANNUITY_MEAN,0.0039945324,0.071580246,62.0,13.0
PREV_CREDIT_APPLICATION_RATIO_MEAN,0.010942473,0.067197725,16.0,14.0
AMT_GOODS_PRICE,0.005877113,0.0663729,36.0,15.0
OWN_CAR_AGE,0.0075528943,0.06406565,24.0,16.0
CODE_GENDER_M,0.016678331,0.062223222,6.0,17.0
CODE_GENDER_F,0.022913648,0.058345266,4.0,18.0
NAME_FAMILY_STATUS_Married,0.0059261187,0.053636394,34.0,19.0
NAME_EDUCATION_TYPE_Higher education,0.03609446,0.053542145,3.0,20.0
PREV_DAYS_DECISION_MEAN,0.0050807763,0.05024387,44.0,21.0
DAYS_ID_PUBLISH,0.00381038,0.0471665,66.0,22.0
ANNUITY_INCOME_RATIO,0.0052899485,0.04376059,41.0,23.0
PREV_REFUSED_RATE,0.012802631,0.043099977,13.0,24.0
INST_TOTAL_PAYMENT_RATIO,0.00757032,0.04222487,23.0,25.0
BUREAU_DAYS_CREDIT_MAX,0.004482696,0.041304953,52.0,26.0
DOCUMENT_FLAG_COUNT,0.010115123,0.040801667,18.0,27.0
BUREAU_DEBT_CREDIT_RATIO_MEAN,0.013855683,0.040648658,10.0,28.0
PREV_CONSUMER_RATE,0.0035741099,0.040000048,76.0,29.0
BUREAU_DAYS_CREDIT_MEAN,0.005881102,0.038254194,35.0,30.0
PREV_DOWN_PAYMENT_MEAN,0.0053709145,0.037878938,40.0,31.0
FLAG_WORK_PHONE,0.004364816,0.036514077,53.0,32.0
REGION_RATING_CLIENT_W_CITY,0.0075310883,0.036187656,25.0,33.0
BUREAU_CREDIT_SUM_MAX,0.0037203135,0.033131212,69.0,34.0
BUREAU_CREDIT_SUM_SUM,0.0050333315,0.030892685,45.0,35.0
INST_DAYS_LATE_MEAN,0.0061356076,0.030681035,30.0,36.0
REGION_POPULATION_RELATIVE,0.0028091217,0.029926013,139.0,37.0
PREV_PAYMENT_COUNT_MEAN,0.0040458147,0.029556077,59.0,38.0
INST_DAYS_LATE_MAX,0.0034405487,0.027674314,83.0,39.0
PREV_ANNUITY_CREDIT_RATIO_MEAN,0.0040019206,0.02752325,61.0,40.0
DAYS_LAST_PHONE_CHANGE,0.0034923255,0.027143806,80.0,41.0
INST_SHORTFALL_MAX,0.0036143872,0.026468953,74.0,42.0
BUREAU_DEBT_MAX,0.0037805042,0.025173057,67.0,43.0
AMT_REQ_CREDIT_BUREAU_QRT,0.0042483113,0.025158616,57.0,44.0
AMT_CREDIT,0.005223938,0.024651641,42.0,45.0
BB_CURRENT_RATE_MEAN,0.0031021168,0.023579888,112.0,46.0
BUREAU_TOTAL_DEBT_CREDIT_RATIO,0.0036759018,0.023489486,71.0,47.0
FLAG_OWN_CAR_N,0.009204505,0.023006517,19.0,48.0
BUREAU_DAYS_UPDATE_MEAN,0.0026781939,0.022804607,151.0,49.0
FLAG_DOCUMENT_3,0.01025296,0.022329085,17.0,50.0
BB_RECORD_COUNT_SUM,0.0029761842,0.022022018,121.0,51.0
REG_CITY_NOT_LIVE_CITY,0.007321953,0.021976521,26.0,52.0
NAME_EDUCATION_TYPE_Secondary / secondary special,0.011160066,0.021830002,15.0,53.0
ORGANIZATION_TYPE_Self-employed,0.0054592844,0.021508496,39.0,54.0
BUREAU_CREDIT_SUM_MEAN,0.0037687344,0.021049304,68.0,55.0
PREV_CREDIT_AMOUNT_MAX,0.003152336,0.02092796,104.0,56.0
DEF_30_CNT_SOCIAL_CIRCLE,0.008219524,0.020825716,21.0,57.0
DAYS_REGISTRATION,0.0031279447,0.020621326,107.0,58.0
PREV_CASH_RATE,0.002945999,0.019478757,125.0,59.0
PREV_APPROVED_COUNT,0.0033961756,0.018033976,86.0,60.0
PREV_DAYS_DECISION_MAX,0.0033276305,0.017541474,93.0,61.0
NAME_INCOME_TYPE_Working,0.016470902,0.017071484,8.0,62.0
BUREAU_CREDIT_DURATION_MEAN,0.0031506978,0.01614909,105.0,63.0
BUREAU_CLOSED_RATE,0.004896218,0.016020099,47.0,64.0
CREDIT_INCOME_RATIO,0.0033454157,0.015469818,91.0,65.0
DEF_60_CNT_SOCIAL_CIRCLE,0.006255409,0.01545479,29.0,66.0
OCCUPATION_TYPE_Core staff,0.0057782256,0.015399116,37.0,67.0
PREV_CREDIT_AMOUNT_MEAN,0.0026292326,0.015335495,158.0,68.0
AMT_REQ_CREDIT_BUREAU_YEAR,0.0029423553,0.01528192,126.0,69.0
BUREAU_DEBT_MEAN,0.003122059,0.014955407,108.0,70.0
AMT_INCOME_TOTAL,0.0030318166,0.014146903,117.0,71.0
ORGANIZATION_TYPE_Business Entity Type 3,0.0028708647,0.013943014,132.0,72.0
INST_AMOUNT_DUE_SUM,0.003664865,0.0137005225,72.0,73.0
PREV_APPLICATION_AMOUNT_MAX,0.004016461,0.013445307,60.0,74.0
PREV_APPLICATION_AMOUNT_MEAN,0.0034762826,0.013403657,82.0,75.0
BUREAU_ACTIVE_COUNT,0.0041778022,0.012947566,58.0,76.0
INST_DAYS_LATE_SUM,0.0031805206,0.012903637,102.0,77.0
BUREAU_DEBT_SUM,0.003044851,0.012193803,116.0,78.0
WEEKDAY_APPR_PROCESS_START_MONDAY,0.0027421971,0.011854102,143.0,79.0
INST_VERSION_MAX,0.0038124998,0.011655025,65.0,80.0
HOUR_APPR_PROCESS_START,0.0027999785,0.0109523535,141.0,81.0
CNT_CHILDREN,0.0025668736,0.010507275,161.0,82.0
BUREAU_ANNUITY_MEAN,0.0026515485,0.010356733,156.0,83.0
INCOME_PER_FAMILY_MEMBER,0.002927433,0.0098223835,127.0,84.0
INST_UNDERPAID_RATE,0.0031172677,0.009796905,110.0,85.0
INST_PAYMENT_RATIO_MEAN,0.0033863327,0.00907448,87.0,86.0
INST_PAYMENT_RATIO_SUM,0.0033640156,0.008982337,89.0,87.0
BUREAU_ACTIVE_RATE,0.003140797,0.008667938,106.0,88.0
OBS_60_CNT_SOCIAL_CIRCLE,0.0030627996,0.008452578,115.0,89.0
PREV_APPROVED_RATE,0.0064696283,0.008332817,27.0,90.0
ORGANIZATION_TYPE_Construction,0.004311482,0.008224782,55.0,91.0
BUREAU_CLOSED_COUNT,0.002583384,0.008183132,160.0,92.0
BB_DELINQUENT_RATE_MEAN,0.0031912155,0.0081058815,100.0,93.0
FLAG_PHONE,0.0023401037,0.0079938965,174.0,94.0
NAME_INCOME_TYPE_State servant,0.0061057997,0.00797322,32.0,95.0
ORGANIZATION_TYPE_School,0.0034176018,0.007721527,85.0,96.0
INST_RECORD_COUNT,0.003109835,0.0075925128,111.0,97.0
INST_UNDERPAID_COUNT,0.002774093,0.0074588726,142.0,98.0
PREV_GOODS_PRICE_MEAN,0.0032903391,0.0073878504,94.0,99.0
OCCUPATION_TYPE_Accountants,0.0033433083,0.0072307917,92.0,100.0
FLAG_DOCUMENT_8,0.002728515,0.0072234776,146.0,101.0
INST_PAYMENT_OBS_COUNT,0.003189134,0.0066214977,101.0,102.0
OCCUPATION_TYPE_Drivers,0.0033730913,0.0065924437,88.0,103.0
INST_SHORTFALL_SUM,0.0030022492,0.0065462063,119.0,104.0
BUREAU_CREDIT_TYPES_NUNIQUE,0.0028010197,0.0065423106,140.0,105.0
NAME_FAMILY_STATUS_Single / not married,0.003485558,0.0065132226,81.0,106.0
PREV_INSURED_RATE,0.0026685938,0.006403701,153.0,107.0
CONTACT_FLAG_COUNT,0.0036254334,0.0061755306,73.0,108.0
INST_SHORTFALL_MEAN,0.002960762,0.005972107,123.0,109.0
INST_LATE_COUNT,0.0033543496,0.0057792733,90.0,110.0
BUREAU_RECORD_COUNT,0.0035478352,0.0057533835,78.0,111.0
BB_CLOSED_RATE_MEAN,0.003080225,0.0056542624,114.0,112.0
WEEKDAY_APPR_PROCESS_START_SATURDAY,0.002669412,0.004932229,152.0,113.0
OCCUPATION_TYPE_Missing,0.0025010132,0.0048619243,165.0,114.0
NAME_CONTRACT_TYPE_Cash loans,0.0047100536,0.0048384718,50.0,115.0
INST_PREVIOUS_LOAN_NUNIQUE,0.0049192454,0.004666758,46.0,116.0
WEEKDAY_APPR_PROCESS_START_WEDNESDAY,0.002728045,0.0043838974,147.0,117.0
ORGANIZATION_TYPE_Military,0.0037014687,0.004104547,70.0,118.0
OBS_30_CNT_SOCIAL_CIRCLE,0.0029190339,0.0040955283,129.0,119.0
OCCUPATION_TYPE_High skill tech staff,0.0026440185,0.0038825346,157.0,120.0
PREV_APPLICATION_COUNT,0.0024272725,0.0035991054,168.0,121.0
ORGANIZATION_TYPE_Industry: type 9,0.0027382798,0.0035259286,145.0,122.0
ORGANIZATION_TYPE_Transport: type 3,0.003918544,0.0033605178,63.0,123.0
CNT_FAM_MEMBERS,0.002920176,0.003252312,128.0,124.0
BB_DELINQUENT_RATE_MAX,0.0028111907,0.0030265055,137.0,125.0
INST_PAYMENT_RATIO_COUNT,0.0025369814,0.0030259222,163.0,126.0
FLAG_DOCUMENT_6,0.0031930655,0.0029623213,99.0,127.0
OCCUPATION_TYPE_Laborers,0.0030140255,0.0029265096,118.0,128.0
BUREAU_PROLONG_COUNT_SUM,0.0028389038,0.00289958,136.0,129.0
ORGANIZATION_TYPE_Other,0.0020789325,0.0027859716,188.0,130.0
PREV_CANCELED_COUNT,0.0022742217,0.0027058446,176.0,131.0
BUREAU_OVERDUE_AMOUNT_SUM,0.005575864,0.0026127931,38.0,132.0
ORGANIZATION_TYPE_Medicine,0.0032415262,0.0024915352,96.0,133.0
BB_SEVERE_RATE_MEAN,0.0028440398,0.0022366354,135.0,134.0
AMT_REQ_CREDIT_BUREAU_MON,0.0021200515,0.002125287,185.0,135.0
NAME_TYPE_SUITE_Unaccompanied,0.0035657724,0.0020595149,77.0,136.0
PREV_REFUSED_COUNT,0.002975308,0.002031815,122.0,137.0
OCCUPATION_TYPE_Medicine staff,0.0022698252,0.001928762,177.0,138.0
ORGANIZATION_TYPE_Police,0.0027274895,0.0019096535,148.0,139.0
NAME_EDUCATION_TYPE_Lower secondary,0.0028103353,0.001869805,138.0,140.0
REGION_RATING_CLIENT,0.00425894,0.0017778835,56.0,141.0
BB_DELINQUENT_COUNT_SUM,0.002652079,0.0017537883,155.0,142.0
ORGANIZATION_TYPE_Kindergarten,0.0024126335,0.0016327079,170.0,143.0
ORGANIZATION_TYPE_Trade: type 7,0.0023731245,0.0016148621,172.0,144.0
OCCUPATION_TYPE_Low-skill Laborers,0.0031199623,0.0015801926,109.0,145.0
FLAG_DOCUMENT_11,0.0024052486,0.0015797669,171.0,146.0
AMT_REQ_CREDIT_BUREAU_DAY,0.0029842868,0.0015220658,120.0,147.0
ADDRESS_MISMATCH_COUNT,0.0022132653,0.0014058235,179.0,148.0
WEEKDAY_APPR_PROCESS_START_TUESDAY,0.0020933116,0.001351166,187.0,149.0
WEEKDAY_APPR_PROCESS_START_FRIDAY,0.0032871675,0.001349273,95.0,150.0
ORGANIZATION_TYPE_Security Ministries,0.0021255475,0.0013442588,184.0,151.0
NAME_FAMILY_STATUS_Widow,0.0029489975,0.0013322175,124.0,152.0
REG_REGION_NOT_LIVE_REGION,0.0017908198,0.0012450289,194.0,153.0
ORGANIZATION_TYPE_Government,0.0023552258,0.0012251356,173.0,154.0
ORGANIZATION_TYPE_Bank,0.0022010212,0.0011892633,180.0,155.0
REG_REGION_NOT_WORK_REGION,0.003867176,0.0011684565,64.0,156.0
ORGANIZATION_TYPE_Realtor,0.0026191366,0.001162657,159.0,157.0
DAYS_EMPLOYED_ANOM,0.0028618437,0.0011097204,133.0,158.0
ORGANIZATION_TYPE_Business Entity Type 1,0.0020971745,0.0010663097,186.0,159.0
NAME_INCOME_TYPE_Commercial associate,0.0018026216,0.0010121777,193.0,160.0
FLAG_OWN_CAR_Y,0.0016856059,0.0009836459,201.0,161.0
ORGANIZATION_TYPE_Trade: type 2,0.0022993488,0.00093039864,175.0,162.0
ORGANIZATION_TYPE_Industry: type 3,0.002191184,0.0009102799,181.0,163.0
BUREAU_OVERDUE_AMOUNT_MAX,0.0059615457,0.0008654903,33.0,164.0
LIVE_CITY_NOT_WORK_CITY,0.0027182524,0.00084165414,149.0,165.0
FLAG_OWN_REALTY_N,0.0027177692,0.00079391565,150.0,166.0
BB_SEVERE_COUNT_SUM,0.0028463127,0.0007756343,134.0,167.0
NAME_FAMILY_STATUS_Civil marriage,0.0045334836,0.0007730842,51.0,168.0
OCCUPATION_TYPE_Private service staff,0.0017722291,0.00066184794,195.0,169.0
FLAG_DOCUMENT_18,0.0024193176,0.0006558927,169.0,170.0
NAME_TYPE_SUITE_Other_B,0.0017623239,0.0006523485,196.0,171.0
NAME_EDUCATION_TYPE_Incomplete higher,0.003083934,0.00058581325,113.0,172.0
OCCUPATION_TYPE_Waiters/barmen staff,0.0019142857,0.0005817549,191.0,173.0
ORGANIZATION_TYPE_Trade: type 6,0.001936551,0.0005587804,189.0,174.0
OCCUPATION_TYPE_Cooking staff,0.0032350707,0.00054296735,97.0,175.0
ORGANIZATION_TYPE_Industry: type 12,0.0017573484,0.0005229101,197.0,176.0
OCCUPATION_TYPE_Managers,0.0025527505,0.0005171396,162.0,177.0
BUREAU_OVERDUE_RATE,0.001931293,0.00050185935,190.0,178.0
FLAG_EMAIL,0.0048353514,0.0005003068,48.0,179.0
NAME_TYPE_SUITE_Missing,0.0021586684,0.00048180437,183.0,180.0
ORGANIZATION_TYPE_Business Entity Type 2,0.004818974,0.00047925004,49.0,181.0
OCCUPATION_TYPE_Sales staff,0.0029170495,0.00045940577,130.0,182.0
WEEKDAY_APPR_PROCESS_START_SUNDAY,0.0016683198,0.0004514989,202.0,183.0
NAME_TYPE_SUITE_Children,0.0024786792,0.00041133902,166.0,184.0
AMT_REQ_CREDIT_BUREAU_WEEK,0.003162046,0.00040818143,103.0,185.0
"NAME_TYPE_SUITE_Spouse, partner",0.0014093339,0.00034315593,205.0,186.0
ORGANIZATION_TYPE_Hotel,0.0017286764,0.0003295066,199.0,187.0
REG_CITY_NOT_WORK_CITY,0.0031998432,0.00032057657,98.0,188.0
ORGANIZATION_TYPE_Restaurant,0.0017250885,0.0003185997,200.0,189.0
ORGANIZATION_TYPE_Industry: type 5,0.0021847344,0.00031311603,182.0,190.0
FLAG_DOCUMENT_13,0.0015354215,0.0002473238,203.0,191.0
ORGANIZATION_TYPE_Transport: type 2,0.0043612327,0.00024706146,54.0,192.0
FLAG_CONT_MOBILE,0.0018535134,0.00023198617,192.0,193.0
ORGANIZATION_TYPE_Services,0.0026602065,0.00019942538,154.0,194.0
ORGANIZATION_TYPE_Trade: type 3,0.005185106,0.00018730563,43.0,195.0
WEEKDAY_APPR_PROCESS_START_THURSDAY,0.0035086763,0.00016953518,79.0,196.0
ORGANIZATION_TYPE_Advertising,0.0014563905,0.00015269688,204.0,197.0
FLAG_DOCUMENT_16,0.0022647025,0.00013907246,178.0,198.0
LIVE_REGION_NOT_WORK_REGION,0.0027397345,0.000138407,144.0,199.0
OCCUPATION_TYPE_Security staff,0.0025100973,0.00012804705,164.0,200.0
NAME_TYPE_SUITE_Family,0.0034205602,0.00012301798,84.0,201.0
ORGANIZATION_TYPE_Postal,0.0028866674,0.0001039133,131.0,202.0
ORGANIZATION_TYPE_Industry: type 1,0.0024652309,9.7091426e-05,167.0,203.0
ORGANIZATION_TYPE_Security,0.0035831903,7.6002565e-05,75.0,204.0
NAME_FAMILY_STATUS_Separated,0.0017518841,6.396717e-05,198.0,205.0
FLAG_DOCUMENT_20,0.0,0.0,206.0,206.0
ORGANIZATION_TYPE_University,0.0,0.0,206.0,206.0
AMT_REQ_CREDIT_BUREAU_HOUR,0.0,0.0,206.0,206.0
BUREAU_BAD_DEBT_COUNT,0.0,0.0,206.0,206.0
ORGANIZATION_TYPE_XNA,0.0,0.0,206.0,206.0
FLAG_EMP_PHONE,0.0,0.0,206.0,206.0
BUREAU_HAS_HISTORY,0.0,0.0,206.0,206.0
BUREAU_OVERDUE_COUNT,0.0,0.0,206.0,206.0
FLAG_DOCUMENT_9,0.0,0.0,206.0,206.0
CODE_GENDER_XNA,0.0,0.0,206.0,206.0
PREV_HAS_HISTORY,0.0,0.0,206.0,206.0
FLAG_DOCUMENT_10,0.0,0.0,206.0,206.0
FLAG_DOCUMENT_7,0.0,0.0,206.0,206.0
FLAG_DOCUMENT_12,0.0,0.0,206.0,206.0
FLAG_DOCUMENT_5,0.0,0.0,206.0,206.0
FLAG_DOCUMENT_14,0.0,0.0,206.0,206.0
FLAG_DOCUMENT_15,0.0,0.0,206.0,206.0
FLAG_DOCUMENT_4,0.0,0.0,206.0,206.0
FLAG_DOCUMENT_17,0.0,0.0,206.0,206.0
FLAG_DOCUMENT_21,0.0,0.0,206.0,206.0
FLAG_DOCUMENT_19,0.0,0.0,206.0,206.0
FLAG_DOCUMENT_2,0.0,0.0,206.0,206.0
ORGANIZATION_TYPE_Transport: type 4,0.0,0.0,206.0,206.0
NAME_TYPE_SUITE_Other_A,0.0,0.0,206.0,206.0
ORGANIZATION_TYPE_Transport: type 1,0.0,0.0,206.0,206.0
ORGANIZATION_TYPE_Emergency,0.0,0.0,206.0,206.0
ORGANIZATION_TYPE_Electricity,0.0,0.0,206.0,206.0
ORGANIZATION_TYPE_Culture,0.0,0.0,206.0,206.0
ORGANIZATION_TYPE_Cleaning,0.0,0.0,206.0,206.0
ORGANIZATION_TYPE_Agriculture,0.0,0.0,206.0,206.0
OCCUPATION_TYPE_Secretaries,0.0,0.0,206.0,206.0
OCCUPATION_TYPE_Realty agents,0.0,0.0,206.0,206.0
ORGANIZATION_TYPE_Housing,0.0,0.0,206.0,206.0
NAME_INCOME_TYPE_Businessman,0.0,0.0,206.0,206.0
NAME_INCOME_TYPE_Maternity leave,0.0,0.0,206.0,206.0
OCCUPATION_TYPE_HR staff,0.0,0.0,206.0,206.0
NAME_INCOME_TYPE_Pensioner,0.0,0.0,206.0,206.0
NAME_INCOME_TYPE_Student,0.0,0.0,206.0,206.0
OCCUPATION_TYPE_Cleaning staff,0.0,0.0,206.0,206.0
NAME_INCOME_TYPE_Unemployed,0.0,0.0,206.0,206.0
NAME_TYPE_SUITE_Group of people,0.0,0.0,206.0,206.0
OCCUPATION_TYPE_IT staff,0.0,0.0,206.0,206.0
ORGANIZATION_TYPE_Industry: type 10,0.0,0.0,206.0,206.0
ORGANIZATION_TYPE_Industry: type 11,0.0,0.0,206.0,206.0
ORGANIZATION_TYPE_Industry: type 13,0.0,0.0,206.0,206.0
ORGANIZATION_TYPE_Trade: type 5,0.0,0.0,206.0,206.0
ORGANIZATION_TYPE_Trade: type 4,0.0,0.0,206.0,206.0
ORGANIZATION_TYPE_Trade: type 1,0.0,0.0,206.0,206.0
ORGANIZATION_TYPE_Telecom,0.0,0.0,206.0,206.0
FLAG_OWN_REALTY_Y,0.0,0.0,206.0,206.0
ORGANIZATION_TYPE_Religion,0.0,0.0,206.0,206.0
INST_HAS_HISTORY,0.0,0.0,206.0,206.0
ORGANIZATION_TYPE_Mobile,0.0,0.0,206.0,206.0
NAME_CONTRACT_TYPE_Revolving loans,0.0,0.0,206.0,206.0
ORGANIZATION_TYPE_Legal Services,0.0,0.0,206.0,206.0
NAME_EDUCATION_TYPE_Academic degree,0.0,0.0,206.0,206.0
ORGANIZATION_TYPE_Insurance,0.0,0.0,206.0,206.0
ORGANIZATION_TYPE_Industry: type 8,0.0,0.0,206.0,206.0
ORGANIZATION_TYPE_Industry: type 7,0.0,0.0,206.0,206.0
ORGANIZATION_TYPE_Industry: type 6,0.0,0.0,206.0,206.0
ORGANIZATION_TYPE_Industry: type 4,0.0,0.0,206.0,206.0
ORGANIZATION_TYPE_Industry: type 2,0.0,0.0,206.0,206.0
FLAG_MOBIL,0.0,0.0,206.0,206.0
NAME_FAMILY_STATUS_Unknown,0.0,0.0,206.0,206.0
